No. of Fold,MAE
1,0.7494718829241971
2,0.7464998918841553
3,0.730097901881503
4,0.733793192812395
5,0.7351753361942874
average,0.7390144880404491
