Test_user,P_Movies,P_Ratings,Past_Movies,Past_Ratings
"1
",876,5.000000000000001,47,5.0
"1
",6408,5.000000000000001,50,5.0
"1
",7071,5.000000000000001,101,5.0
"1
",8580,5.000000000000001,151,5.0
"1
",8738,5.000000000000001,157,5.0
"3
",3687,5.000000000000001,849,5.0
"3
",4788,5.000000000000001,2851,5.0
"3
",5888,5.000000000000001,3703,5.0
"3
",5889,5.000000000000001,4518,5.0
"3
",6086,5.000000000000001,5181,5.0
