No. of Fold,MAE
1,0.6514538158406278
2,0.6483566235413651
3,0.6530120405126797
4,0.6442526444894202
5,0.6440504852415174
average,0.648225121925122
