Test_user,P_Movies,P_Ratings,Past_Movies,Past_Ratings
"1
",53,5,47,5.0
"1
",99,5,50,5.0
"1
",123,5,101,5.0
"1
",148,5,151,5.0
"1
",176,5,157,5.0
"3
",53,3.7786750981500337,849,5.0
"3
",99,3.7786750981500337,2851,5.0
"3
",148,3.7786750981500337,3703,5.0
"3
",496,3.7786750981500337,4518,5.0
"3
",1140,3.7786750981500337,5181,5.0
